{
    "one": 13.208593291090875,
    "two": 23.61228582651529,
    "three": 44,
    "four": 23,
    "five": 86,
    "six": 36.17687548333037,
    "seven": 33,
    "eight": 32.29466458539751,
    "nine": 79.78397959991693,
    "ten": 80,
    "eleven": 18.831736946492384,
    "twelve": 7,
    "thirteen": 40.415202958405416,
    "fourteen": 96.54998271642881,
    "fifteen": "nrtlv",
    "sixteen": 79,
    "seventeen": 2.0054986205417347,
    "eighteen": "xktqw",
    "nineteen": 85,
    "twenty": 18,
    "twenty-one": 63.08558728106356,
    "twenty-two": 42.52225209491621,
    "twenty-three": "wydsm",
    "twenty-four": 38.10687156051523,
    "twenty-five": 48,
    "twenty-six": 19.2059058879125,
    "twenty-seven": 12.907688988556243,
    "twenty-eight": 16.433801597333396,
    "twenty-nine": "orfed",
    "thirty": "xflog",
    "thirty-one": "wvuow",
    "thirty-two": 96.72233558646269,
    "thirty-three": 90,
    "thirty-four": "pqrox",
    "thirty-five": "mtakj",
    "thirty-six": 80.58740354016663,
    "thirty-seven": "ywaiw",
    "thirty-eight": 77.95119863773189,
    "thirty-nine": "hfsia",
    "forty": 81.77039067611156,
    "forty-one": 8.48818045424663,
    "forty-two": 94.04872392257322,
    "forty-three": 89,
    "forty-four": "sqavf",
    "forty-five": 63,
    "forty-six": 7.644228867363778,
    "forty-seven": 60.70206006275794,
    "forty-eight": 61.68372161841229,
    "forty-nine": 13.188375181384371,
    "fifty": "sicsc",
    "fifty-one": "mkbbk",
    "fifty-two": "boxwn",
    "fifty-three": "ojrxr",
    "fifty-four": 90,
    "fifty-five": 46.82249035782478,
    "fifty-six": 38.432558433426465,
    "fifty-seven": "wnnac",
    "fifty-eight": 50.835162952485916,
    "fifty-nine": 80.93416836673845,
    "sixty": 88.29029457217737,
    "sixty-one": 85,
    "sixty-two": 3.6115643429221356,
    "sixty-three": 54,
    "sixty-four": 61,
    "sixty-five": 44.24587842507529,
    "sixty-six": 79,
    "sixty-seven": 38.2850369129644,
    "sixty-eight": "unifu",
    "sixty-nine": 31,
    "seventy": 92.4788888088554,
    "seventy-one": "oerfl",
    "seventy-two": 61.53651056541758,
    "seventy-three": 100,
    "seventy-four": "pcgxr",
    "seventy-five": 65,
    "seventy-six": 75.60566753251692,
    "seventy-seven": 97,
    "seventy-eight": 78,
    "seventy-nine": 28,
    "eighty": 68,
    "eighty-one": 43.57575279205111,
    "eighty-two": 32.62005989653717,
    "eighty-three": 37,
    "eighty-four": 66,
    "eighty-five": 71.33789122815946,
    "eighty-six": "lyirw",
    "eighty-seven": "xexnp",
    "eighty-eight": "yfwxg",
    "eighty-nine": 72.62257787018513,
    "ninety": 98,
    "ninety-one": 0,
    "ninety-two": 3,
    "ninety-three": "mppds",
    "ninety-four": "zrxnc",
    "ninety-five": 47.04654714994444,
    "ninety-six": 17.4040252466396,
    "ninety-seven": 5.628810671987894,
    "ninety-eight": 49,
    "ninety-nine": 40,
    "one-hundred": 18
}
