{
    "הספורט 12, חיפה": [
        32.798941,
        34.9853125
    ],
    "אידר 43, חיפה": [
        32.7803521,
        34.9905436
    ],
    "דרך הים 137, חיפה": [
        32.8075629,
        34.9792861
    ],
    "גדליהו 33, חיפה": [
        32.7838026,
        35.021335
    ],
    "הלל 20, חיפה": [
        32.8093599,
        34.9913095
    ],
    "נתנזון 20, חיפה": [
        32.8150089,
        35.003357
    ],
    "בית אל 9, חיפה": [
        32.8150488,
        34.9763339
    ],
    "מל\"ל 20, חיפה": [
        32.7791928,
        35.0150652
    ],
    "אבא הלל סילבר 111, חיפה": [
        32.7938819,
        35.006062
    ],
    "R. do Bruxo 36, Portugal": [
        40.0607749,
        -7.278448
    ],
    "רבין 9, קרית אתא": [
        32.8196911,
        35.1147845
    ]
}